{
    "loss": 0.35752806067466736,
    "accuracy": 0.9051724076271057
}