{
    "loss": 1.295544147491455,
    "accuracy": 0.7844827771186829
}